{
  "experiment": {
    "name": "baseline",
    "description": "Baseline experiment with standard 80-20 split",
    "run_id": 1
  },
  "metrics": {
    "numpy": {
      "accuracy": 0.9666666666666667,
      "precision": 0.9696969696969696,
      "recall": 0.9666666666666667,
      "f1_score": 0.9665831244778613
    },
    "sklearn": {
      "accuracy": 0.9666666666666667,
      "precision": 0.9696969696969696,
      "recall": 0.9666666666666667,
      "f1_score": 0.9665831244778613
    }
  },
  "timing": {
    "numpy": {
      "train_time_mean": 0.00032864000022527764,
      "train_time_std": 9.454697455175215e-05,
      "predict_time_mean": 5.7409999135416e-05,
      "predict_time_std": 1.1180738165577689e-05,
      "train_time_formatted": "328.64 \u03bcs",
      "predict_time_formatted": "57.41 \u03bcs"
    },
    "sklearn": {
      "train_time_mean": 0.0006908899988047779,
      "train_time_std": 0.00011632510104570946,
      "predict_time_mean": 0.00018162999913329259,
      "predict_time_std": 0.00015913540012453073,
      "train_time_formatted": "690.89 \u03bcs",
      "predict_time_formatted": "181.63 \u03bcs"
    }
  },
  "prediction_comparison": {
    "agreement_count": 30,
    "disagreement_count": 0,
    "agreement_rate": 1.0,
    "total_predictions": 30,
    "disagreement_indices": []
  },
  "parameter_comparison": {
    "prior_max_diff": 0.0,
    "prior_mean_diff": 0.0,
    "theta_max_diff": 0.0,
    "theta_mean_diff": 0.0,
    "var_max_diff": 1.0000000272292198e-09,
    "var_mean_diff": 1.0000000040995734e-09
  },
  "data_info": {
    "train_size": 120,
    "test_size": 30,
    "n_features": 4,
    "classes": [
      "Iris-setosa",
      "Iris-versicolor",
      "Iris-virginica"
    ]
  }
}