{
  "experiment": {
    "name": "different_split",
    "description": "Experiment with 70-30 train-test split",
    "run_id": 2
  },
  "metrics": {
    "numpy": {
      "accuracy": 0.9111111111111111,
      "precision": 0.9155354449472096,
      "recall": 0.9111111111111111,
      "f1_score": 0.9107142857142857
    },
    "sklearn": {
      "accuracy": 0.9111111111111111,
      "precision": 0.9155354449472096,
      "recall": 0.9111111111111111,
      "f1_score": 0.9107142857142857
    }
  },
  "timing": {
    "numpy": {
      "train_time_mean": 0.00019822999893222005,
      "train_time_std": 4.899396069793669e-05,
      "predict_time_mean": 4.52200009021908e-05,
      "predict_time_std": 7.838467116694394e-06,
      "train_time_formatted": "198.23 \u03bcs",
      "predict_time_formatted": "45.22 \u03bcs"
    },
    "sklearn": {
      "train_time_mean": 0.0006098199999541975,
      "train_time_std": 5.0473274770857315e-05,
      "predict_time_mean": 0.00010709000125643797,
      "predict_time_std": 2.0886045000578777e-05,
      "train_time_formatted": "609.82 \u03bcs",
      "predict_time_formatted": "107.09 \u03bcs"
    }
  },
  "prediction_comparison": {
    "agreement_count": 45,
    "disagreement_count": 0,
    "agreement_rate": 1.0,
    "total_predictions": 45,
    "disagreement_indices": []
  },
  "parameter_comparison": {
    "prior_max_diff": 0.0,
    "prior_mean_diff": 0.0,
    "theta_max_diff": 0.0,
    "theta_mean_diff": 0.0,
    "var_max_diff": 1.0000000272292198e-09,
    "var_mean_diff": 1.0000000040995734e-09
  },
  "data_info": {
    "train_size": 105,
    "test_size": 45,
    "n_features": 4,
    "classes": [
      "Iris-setosa",
      "Iris-versicolor",
      "Iris-virginica"
    ]
  }
}